-- MySQL Script generated by MySQL Workbench
-- 10/11/16 22:46:43
-- Model: New Model    Version: 1.0
-- MySQL Workbench Forward Engineering

SET @OLD_UNIQUE_CHECKS=@@UNIQUE_CHECKS, UNIQUE_CHECKS=0;
SET @OLD_FOREIGN_KEY_CHECKS=@@FOREIGN_KEY_CHECKS, FOREIGN_KEY_CHECKS=0;
SET @OLD_SQL_MODE=@@SQL_MODE, SQL_MODE='TRADITIONAL,ALLOW_INVALID_DATES';

-- -----------------------------------------------------
-- Schema examen
-- -----------------------------------------------------

-- -----------------------------------------------------
-- Schema examen
-- -----------------------------------------------------
CREATE SCHEMA IF NOT EXISTS `examen` DEFAULT CHARACTER SET utf8 COLLATE utf8_general_ci ;
USE `examen` ;

-- -----------------------------------------------------
-- Table `examen`.`estados`
-- -----------------------------------------------------
CREATE TABLE IF NOT EXISTS `examen`.`estados` (
  `ID_ESTADO` INT NOT NULL AUTO_INCREMENT COMMENT '',
  `NOMBRE` VARCHAR(45) NULL COMMENT '',
  PRIMARY KEY (`ID_ESTADO`)  COMMENT '')
ENGINE = InnoDB;

INSERT INTO `estados` VALUES (1,'pendiendte');
INSERT INTO `estados` VALUES (2,'aprobado');
INSERT INTO `estados` VALUES (3,'cancelado');
-- -----------------------------------------------------
-- Table `examen`.`proyectos`
-- -----------------------------------------------------
CREATE TABLE IF NOT EXISTS `examen`.`proyectos` (
  `ID_PROYECTO` INT NOT NULL AUTO_INCREMENT COMMENT '',
  `NOMBRE` VARCHAR(255) NOT NULL COMMENT '',
  `DESCRIPCION` TEXT NULL COMMENT '',
  `RFI` TEXT NULL COMMENT '',
  `NOTAS` VARCHAR(255) NULL COMMENT '',
  `estados_ID_ESTADO` INT NOT NULL COMMENT '',
  PRIMARY KEY (`ID_PROYECTO`)  COMMENT '',
  INDEX `fk_proyectos_estados_idx` (`estados_ID_ESTADO` ASC)  COMMENT '',
  CONSTRAINT `fk_proyectos_estados`
    FOREIGN KEY (`estados_ID_ESTADO`)
    REFERENCES `examen`.`estados` (`ID_ESTADO`)
    ON DELETE NO ACTION
    ON UPDATE NO ACTION)
ENGINE = InnoDB;

INSERT INTO `proyectos` VALUES (1,'proyecto 001','toda la descripcion del proyecto','RFI del proyecto','notas del proyecyo',1);
INSERT INTO `proyectos` VALUES (2,'proyecto 002','toda la descripcion del proyecto','RFI del proyecto','notas del proyecyo',2);
INSERT INTO `proyectos` VALUES (3,'proyecto 003','toda la descripcion del proyecto','RFI del proyecto','notas del proyecyo',3);
-- -----------------------------------------------------
-- Table `examen`.`dias`
-- -----------------------------------------------------
CREATE TABLE IF NOT EXISTS `examen`.`dias` (
  `ID_DIA` INT NOT NULL AUTO_INCREMENT COMMENT '',
  `FECHA` DATETIME NOT NULL COMMENT '',
  PRIMARY KEY (`ID_DIA`)  COMMENT '')
ENGINE = InnoDB;

INSERT INTO `dias` VALUES (1,NOW());
INSERT INTO `dias` VALUES (2,NOW());
INSERT INTO `dias` VALUES (3,NOW());
INSERT INTO `dias` VALUES (4,NOW());
INSERT INTO `dias` VALUES (5,NOW());
INSERT INTO `dias` VALUES (6,NOW());
INSERT INTO `dias` VALUES (7,NOW());


-- -----------------------------------------------------
-- Table `examen`.`ac_estimadas`
-- -----------------------------------------------------
CREATE TABLE IF NOT EXISTS `examen`.`ac_estimadas` (
  `ID_AC_ESTIMADA` INT NOT NULL AUTO_INCREMENT COMMENT '',
  `CANTIDAD` SMALLINT NOT NULL COMMENT '',
  `dias_ID_DIA` INT NOT NULL COMMENT '',
  `proyectos_ID_PROYECTO` INT NOT NULL COMMENT '',
  PRIMARY KEY (`ID_AC_ESTIMADA`)  COMMENT '',
  INDEX `fk_ac_estimadas_dias1_idx` (`dias_ID_DIA` ASC)  COMMENT '',
  INDEX `fk_ac_estimadas_proyectos1_idx` (`proyectos_ID_PROYECTO` ASC)  COMMENT '',
  CONSTRAINT `fk_ac_estimadas_dias1`
    FOREIGN KEY (`dias_ID_DIA`)
    REFERENCES `examen`.`dias` (`ID_DIA`)
    ON DELETE NO ACTION
    ON UPDATE NO ACTION,
  CONSTRAINT `fk_ac_estimadas_proyectos1`
    FOREIGN KEY (`proyectos_ID_PROYECTO`)
    REFERENCES `examen`.`proyectos` (`ID_PROYECTO`)
    ON DELETE NO ACTION
    ON UPDATE NO ACTION)
ENGINE = InnoDB;

INSERT INTO `ac_estimadas` VALUES (1,3,1,1);
INSERT INTO `ac_estimadas` VALUES (2,3,2,2);
INSERT INTO `ac_estimadas` VALUES (3,3,3,1);
INSERT INTO `ac_estimadas` VALUES (4,3,4,3);
INSERT INTO `ac_estimadas` VALUES (5,3,5,2);
INSERT INTO `ac_estimadas` VALUES (6,3,6,1);
INSERT INTO `ac_estimadas` VALUES (7,3,7,3);

-- -----------------------------------------------------
-- Table `examen`.`ac_finalizadas`
-- -----------------------------------------------------
CREATE TABLE IF NOT EXISTS `examen`.`ac_finalizadas` (
  `ID_AC_FINALIZADA` INT NOT NULL AUTO_INCREMENT COMMENT '',
  `CANTIDAD` SMALLINT NOT NULL COMMENT '',
  `dias_ID_DIA` INT NOT NULL COMMENT '',
  `proyectos_ID_PROYECTO` INT NOT NULL COMMENT '',
  PRIMARY KEY (`ID_AC_FINALIZADA`)  COMMENT '',
  INDEX `fk_ac_estimadas_dias1_idx` (`dias_ID_DIA` ASC)  COMMENT '',
  INDEX `fk_ac_finalizadas_proyectos1_idx` (`proyectos_ID_PROYECTO` ASC)  COMMENT '',
  CONSTRAINT `fk_ac_estimadas_dias10`
    FOREIGN KEY (`dias_ID_DIA`)
    REFERENCES `examen`.`dias` (`ID_DIA`)
    ON DELETE NO ACTION
    ON UPDATE NO ACTION,
  CONSTRAINT `fk_ac_finalizadas_proyectos1`
    FOREIGN KEY (`proyectos_ID_PROYECTO`)
    REFERENCES `examen`.`proyectos` (`ID_PROYECTO`)
    ON DELETE NO ACTION
    ON UPDATE NO ACTION)
ENGINE = InnoDB;



INSERT INTO `ac_finalizadas` VALUES (1,2,1,1);
INSERT INTO `ac_finalizadas` VALUES (2,1,2,1);
INSERT INTO `ac_finalizadas` VALUES (3,1,3,2);
INSERT INTO `ac_finalizadas` VALUES (4,2,4,2);
INSERT INTO `ac_finalizadas` VALUES (5,2,5,3);
INSERT INTO `ac_finalizadas` VALUES (6,3,6,3);
INSERT INTO `ac_finalizadas` VALUES (7,3,7,3);




-- -----------------------------------------------------
-- Table `examen`.`proyectos_has_dias`
-- -----------------------------------------------------
CREATE TABLE IF NOT EXISTS `examen`.`proyectos_has_dias` (
  `proyectos_ID_PROYECTO` INT NOT NULL COMMENT '',
  `dias_ID_DIA` INT NOT NULL COMMENT '',
  PRIMARY KEY (`proyectos_ID_PROYECTO`, `dias_ID_DIA`)  COMMENT '',
  INDEX `fk_proyectos_has_dias_dias1_idx` (`dias_ID_DIA` ASC)  COMMENT '',
  INDEX `fk_proyectos_has_dias_proyectos1_idx` (`proyectos_ID_PROYECTO` ASC)  COMMENT '',
  CONSTRAINT `fk_proyectos_has_dias_proyectos1`
    FOREIGN KEY (`proyectos_ID_PROYECTO`)
    REFERENCES `examen`.`proyectos` (`ID_PROYECTO`)
    ON DELETE NO ACTION
    ON UPDATE NO ACTION,
  CONSTRAINT `fk_proyectos_has_dias_dias1`
    FOREIGN KEY (`dias_ID_DIA`)
    REFERENCES `examen`.`dias` (`ID_DIA`)
    ON DELETE NO ACTION
    ON UPDATE NO ACTION)
ENGINE = InnoDB;

INSERT INTO `proyectos_has_dias` VALUES (1,1);
INSERT INTO `proyectos_has_dias` VALUES (1,2);
INSERT INTO `proyectos_has_dias` VALUES (1,3);
INSERT INTO `proyectos_has_dias` VALUES (1,4);
INSERT INTO `proyectos_has_dias` VALUES (1,5);
INSERT INTO `proyectos_has_dias` VALUES (1,6);
INSERT INTO `proyectos_has_dias` VALUES (1,7);
INSERT INTO `proyectos_has_dias` VALUES (2,1);
INSERT INTO `proyectos_has_dias` VALUES (2,2);
INSERT INTO `proyectos_has_dias` VALUES (2,3);
INSERT INTO `proyectos_has_dias` VALUES (2,4);
INSERT INTO `proyectos_has_dias` VALUES (2,5);
INSERT INTO `proyectos_has_dias` VALUES (2,6);
INSERT INTO `proyectos_has_dias` VALUES (2,7);
INSERT INTO `proyectos_has_dias` VALUES (3,1);
INSERT INTO `proyectos_has_dias` VALUES (3,2);
INSERT INTO `proyectos_has_dias` VALUES (3,3);
INSERT INTO `proyectos_has_dias` VALUES (3,4);
INSERT INTO `proyectos_has_dias` VALUES (3,5);
INSERT INTO `proyectos_has_dias` VALUES (3,6);
INSERT INTO `proyectos_has_dias` VALUES (3,7);


SET SQL_MODE=@OLD_SQL_MODE;
SET FOREIGN_KEY_CHECKS=@OLD_FOREIGN_KEY_CHECKS;
SET UNIQUE_CHECKS=@OLD_UNIQUE_CHECKS;
-- MySQL Script generated by MySQL Workbench
-- 10/11/16 22:46:43
-- Model: New Model    Version: 1.0
-- MySQL Workbench Forward Engineering

SET @OLD_UNIQUE_CHECKS=@@UNIQUE_CHECKS, UNIQUE_CHECKS=0;
SET @OLD_FOREIGN_KEY_CHECKS=@@FOREIGN_KEY_CHECKS, FOREIGN_KEY_CHECKS=0;
SET @OLD_SQL_MODE=@@SQL_MODE, SQL_MODE='TRADITIONAL,ALLOW_INVALID_DATES';

-- -----------------------------------------------------
-- Schema examen
-- -----------------------------------------------------
